{"cameraMode":{"drawMode":0,"name":"Shaded","section":"Shading Mode"},"sceneLighting":true,"audioPlay":false,"sceneViewState":{"showFog":true,"showMaterialUpdate":false,"showSkybox":true,"showFlares":true,"showImageEffects":true,"showParticleSystems":true},"in2DMode":false,"pivot":{"x":43.41064453125,"y":81.70286560058594,"z":14.969854354858399},"rotation":{"x":-0.03884807229042053,"y":0.7302977442741394,"z":0.04167010635137558,"w":0.6807728409767151},"size":112.7829818725586,"orthographic":false}